,Titulo,Enlace
0,Instalacion Python,https://www.youtube.com/embed/rVUjEp9GAOM?list=PLhr9YdZStgI0KmSD_KugfBldxkj-7_yMw
1,Editores Python,https://www.youtube.com/embed/0QR6v0YrznA?list=PLhr9YdZStgI0KmSD_KugfBldxkj-7_yMw
2,Tipos de datos basicos,https://www.youtube.com/embed/U0mqcrZUZbE?list=PLhr9YdZStgI3gfGKu3HGAJkCQHPZIzD8W
3,Ejecucion de scripts,https://www.youtube.com/embed/4jUIVxYLFkk?list=PLhr9YdZStgI0KmSD_KugfBldxkj-7_yMw
4,Variables,https://www.youtube.com/embed/gtJG9ZgqZkA?list=PLhr9YdZStgI2SI10BKJJcGrOvOxdRrX12
5,Condicional If,https://www.youtube.com/embed/l29BRkOMl_o?list=PLhr9YdZStgI3HTqGUAdMZx6MD67HwZ85X
6,Bucle while,https://www.youtube.com/embed/3sp0KPLeSKk?list=PLhr9YdZStgI0KmSD_KugfBldxkj-7_yMw
7,Bucle for,https://www.youtube.com/embed/PZCfpbDQNZA?list=PLhr9YdZStgI0KmSD_KugfBldxkj-7_yMw
8,Funciones,https://www.youtube.com/embed/uSU7zgZ45xo?list=PLhr9YdZStgI1TOxvw7KEF4OzduyGr6FBD
9,Calculadora basica,https://www.youtube.com/embed/Li8GeI7XvDU?list=PLhr9YdZStgI0KmSD_KugfBldxkj-7_yMw
10,Funcion anonima,https://www.youtube.com/embed/23mH59Yhu9M?list=PLhr9YdZStgI0KmSD_KugfBldxkj-7_yMw
11,Funciones utiles,https://www.youtube.com/embed/TGp3k1CccWA?list=PLhr9YdZStgI0KmSD_KugfBldxkj-7_yMw
12,Modulos,https://www.youtube.com/embed/Cu5suLAsOUU?list=PLhr9YdZStgI0KmSD_KugfBldxkj-7_yMw
13,Modulos propios,https://www.youtube.com/embed/BuaYFB2e-qY?list=PLhr9YdZStgI0KmSD_KugfBldxkj-7_yMw
14,"Lectura, escritura archivos",https://www.youtube.com/embed/HmOzz-NgnrQ?list=PLhr9YdZStgI0KmSD_KugfBldxkj-7_yMw
15,"Tuplas, estructuras de datos",https://www.youtube.com/embed/KQ4CYdCc6yw?list=PLhr9YdZStgI0KmSD_KugfBldxkj-7_yMw
16,"Diccionarios, estructuras de datos",https://www.youtube.com/embed/4Q46pJJAQQk?list=PLhr9YdZStgI0KmSD_KugfBldxkj-7_yMw
17,"Clases, POO",https://www.youtube.com/embed/CHcXRjd5s1U?list=PLhr9YdZStgI0KmSD_KugfBldxkj-7_yMw
18,Captura errores,https://www.youtube.com/embed/8Z_q2IThENs?list=PLhr9YdZStgI0KmSD_KugfBldxkj-7_yMw
19,Crea tu primera ventana,https://www.youtube.com/embed/6gCKUNOUcew?list=PLhr9YdZStgI0KmSD_KugfBldxkj-7_yMw
20,Widgets principales tkinter,https://www.youtube.com/embed/dEr-CLcLBIQ?list=PLhr9YdZStgI0KmSD_KugfBldxkj-7_yMw
21,Posicionar ventana,https://www.youtube.com/embed/pgbQ-IKxryc?list=PLhr9YdZStgI0KmSD_KugfBldxkj-7_yMw
22,Radio button y check box,https://www.youtube.com/embed/KpGdp3Ur3yE?list=PLhr9YdZStgI0KmSD_KugfBldxkj-7_yMw
23,Texto e imagen en ventana tkinter,https://www.youtube.com/embed/aYxL8cyeH3o?list=PLhr9YdZStgI0KmSD_KugfBldxkj-7_yMw
24,Software necesario,https://www.youtube.com/embed/dfbsgqwgWEE?list=PLhr9YdZStgI2SI10BKJJcGrOvOxdRrX12
25,Primera ventana,https://www.youtube.com/embed/KcMakxszb-s?list=PLhr9YdZStgI0DD8qTN7ifc_FGs8r7KD2_
26,Boton,https://www.youtube.com/embed/5NoEb_-dqmg?list=PLhr9YdZStgI0DD8qTN7ifc_FGs8r7KD2_
27,Funcion boton,https://www.youtube.com/embed/aNJ4c310g6E?list=PLhr9YdZStgI0DD8qTN7ifc_FGs8r7KD2_
28,Configuracion y posicion,https://www.youtube.com/embed/ksthhR-xnjg?list=PLhr9YdZStgI0DD8qTN7ifc_FGs8r7KD2_
29,Cajas de textos,https://www.youtube.com/embed/HH9ta6LVHMw?list=PLhr9YdZStgI0DD8qTN7ifc_FGs8r7KD2_
30,Instalando Flask,https://www.youtube.com/embed/xkyGFl6xedg?list=PLhr9YdZStgI3RasA0Suhw7jx4iRPfmrca
31,Primer contacto,https://www.youtube.com/embed/PTyBornAFqE?list=PLhr9YdZStgI2SI10BKJJcGrOvOxdRrX12
32,Rutas,https://www.youtube.com/embed/sJJ3Bhj43RY?list=PLhr9YdZStgI3RasA0Suhw7jx4iRPfmrca
33,Redireccion,https://www.youtube.com/embed/RtE1pDemdk8?list=PLhr9YdZStgI3RasA0Suhw7jx4iRPfmrca
34,Plantillas,https://www.youtube.com/embed/iKLPplaksgo?list=PLhr9YdZStgI3RasA0Suhw7jx4iRPfmrca
35,Herencia,https://www.youtube.com/embed/W5rqBtTGbk4?list=PLhr9YdZStgI3RasA0Suhw7jx4iRPfmrca
36,Archivos estaticos,https://www.youtube.com/embed/OKBrnF87KO8?list=PLhr9YdZStgI3RasA0Suhw7jx4iRPfmrca
37,Condiciones y bucles,https://www.youtube.com/embed/lT3idcApKBg?list=PLhr9YdZStgI3RasA0Suhw7jx4iRPfmrca
38,Includes,https://www.youtube.com/embed/rhBvo8h59Kg?list=PLhr9YdZStgI3RasA0Suhw7jx4iRPfmrca
39,"Error 404, pagina no encontrada",https://www.youtube.com/embed/JAVrMeCmVF8?list=PLhr9YdZStgI3RasA0Suhw7jx4iRPfmrca
40,Mensajes Flash,https://www.youtube.com/embed/Snw4xZXHuds?list=PLhr9YdZStgI3RasA0Suhw7jx4iRPfmrca
41,CRUD MySQL,https://www.youtube.com/embed/_iYZUHlqueg
42,Publica tu app Flask,https://www.youtube.com/embed/TU3UefE8NPo
43,Captura error con Flask,https://www.youtube.com/embed/2aOzwNVshek
44,Acceso usuario Flask,https://www.youtube.com/embed/D__Mn8k6Psg
45,Introduccion a Numpy,https://www.youtube.com/embed/t8cFnw2nmM8
46,Primeros pasos con Numpy,https://www.youtube.com/embed/tQ7rK33SmTI
47,Creando diferentes arrays,https://www.youtube.com/embed/aHznFTjwHrs
48,Lectura y escritura de archivos con Numpy,https://www.youtube.com/embed/EBFDDNwjlNY
49,Propiedades y caracteristicas de arrays,https://www.youtube.com/embed/JCWz80sA_jU
50,Operadores aritmeticos,https://www.youtube.com/embed/Ep2m_0SnZc8
51,Estadisticos basicos,https://www.youtube.com/embed/q7DdU3qKU-E?list=PLhr9YdZStgI3hxwkIo-M0rVKnNmg-a6Pi
52,Copia arrays,https://www.youtube.com/embed/tPw_FRI9FjU
53,Ordena arrays,https://www.youtube.com/embed/r5DTClfNL7g
54,Ejercicio practico,https://www.youtube.com/embed/5aJjRj1MHHY
55,Ecuaciones lineales,https://www.youtube.com/embed/5e02PaRDQhc?list=PLhr9YdZStgI3hxwkIo-M0rVKnNmg-a6Pi
56,Ejercicios varios,https://www.youtube.com/embed/7n5-nfqkr_Q?list=PLhr9YdZStgI3hxwkIo-M0rVKnNmg-a6Pi
57,"Subconjuntos, indexado",https://www.youtube.com/embed/bQbIg46DoRA?list=PLhr9YdZStgI3hxwkIo-M0rVKnNmg-a6Pi
58,Manipulando arrays,https://www.youtube.com/embed/cv5JtGv8rn0?list=PLhr9YdZStgI3hxwkIo-M0rVKnNmg-a6Pi
59,Toma de contacto,https://www.youtube.com/embed/8F7uzlhyglc?list=PLhr9YdZStgI2HqAE3yz3Yhr8sfzqz7t0V
60,Series,https://www.youtube.com/embed/1xLnaz30W0Y?list=PLhr9YdZStgI2HqAE3yz3Yhr8sfzqz7t0V
61,Filtros y operaciones basicas,https://www.youtube.com/embed/IVaKDJyPlU0?list=PLhr9YdZStgI2HqAE3yz3Yhr8sfzqz7t0V
62,DataFrame,https://www.youtube.com/embed/hi_cbPdWvYY?list=PLhr9YdZStgI2HqAE3yz3Yhr8sfzqz7t0V
63,Escritura / lectura de datos,https://www.youtube.com/embed/Lpi-t3ncdDM?list=PLhr9YdZStgI2HqAE3yz3Yhr8sfzqz7t0V
64,Seleccion por indices o columnas,https://www.youtube.com/embed/3ueRHH056pk?list=PLhr9YdZStgI2HqAE3yz3Yhr8sfzqz7t0V
65,Informacion basica,https://www.youtube.com/embed/AiB3H1vHiwI?list=PLhr9YdZStgI2HqAE3yz3Yhr8sfzqz7t0V
66,Aplicando funciones,https://www.youtube.com/embed/9PUhvmzJPUw?list=PLhr9YdZStgI2HqAE3yz3Yhr8sfzqz7t0V
67,Ejercicio practico de series,https://www.youtube.com/embed/Kv4Mpc-8dN4?list=PLhr9YdZStgI2HqAE3yz3Yhr8sfzqz7t0V
68,Ejercicio practico de DataFrame,https://www.youtube.com/embed/QcuktwtZOJg?list=PLhr9YdZStgI2HqAE3yz3Yhr8sfzqz7t0V
69,Valores faltantes,https://www.youtube.com/embed/EwAAc1k6OTs?list=PLhr9YdZStgI2HqAE3yz3Yhr8sfzqz7t0V
70,Trabajando con fechas / horas,https://www.youtube.com/embed/8IRZy-xrKi4?list=PLhr9YdZStgI2HqAE3yz3Yhr8sfzqz7t0V
71,Primera grafica,https://www.youtube.com/embed/XglcvVkDR-c
72,Ejes grafica,https://www.youtube.com/embed/RvNU21hxeUg?list=PLhr9YdZStgI2vXCqHLXJomE0a_tIrvYYK
73,Subplots,https://www.youtube.com/embed/Lt2-XfFsWNg?list=PLhr9YdZStgI2vXCqHLXJomE0a_tIrvYYK
74,Graficas de barras,https://www.youtube.com/embed/ivCPoWSUb4Y?list=PLhr9YdZStgI2vXCqHLXJomE0a_tIrvYYK
75,Graficas de puntos,https://www.youtube.com/embed/SJQuIjSwFLo?list=PLhr9YdZStgI2vXCqHLXJomE0a_tIrvYYK
76,Graficas de tarta,https://www.youtube.com/embed/gYT-BKMCa7s?list=PLhr9YdZStgI2vXCqHLXJomE0a_tIrvYYK
77,Boxplot,https://www.youtube.com/embed/n98WXPzf6KE
78,Mapa de calor,https://www.youtube.com/embed/luEMIscG4mg?list=PLhr9YdZStgI2vXCqHLXJomE0a_tIrvYYK
79,Requisitos necesarios,https://www.youtube.com/embed/EzIRY9q5pX4
80,Carga del dataset,https://www.youtube.com/embed/-p7O_Z9NQds
81,Metodos basicos,https://www.youtube.com/embed/grKsUuU0-tU
82,Modulo propio,https://www.youtube.com/embed/lYXqlkKMz7E
83,Normalizacion,https://www.youtube.com/embed/XCEmfe9tUSQ
84,Agrupacion e histograma,https://www.youtube.com/embed/B4pvzCjcbxA
85,Variables dummies,https://www.youtube.com/embed/COeoBgrNI7Q
86,Analisis exploratorio,https://www.youtube.com/embed/C7011iShi7o
87,Regresion lineal,https://www.youtube.com/embed/41kvkuc-CuA
88,Regresion lineal compuesta,https://www.youtube.com/embed/XAQQ-GAAjL0
89,Ampliacion de modulo de datos,https://www.youtube.com/embed/Ih7ZcBJisXk
90,Optimizando el modulo de datos,https://www.youtube.com/embed/kUeg4-ZtxOY
91,Arbol de decision,https://www.youtube.com/embed/8YCwAPkWwds
92,Analisis dataset Propinas,https://www.youtube.com/embed/6ITBin4YOUQ
93,Analisis dataset Titanic,https://www.youtube.com/embed/8HDIq_SrFzI
94,Instalando GIT,https://www.youtube.com/embed/iddVTtmOkS4?list=PLhr9YdZStgI2QDMF1sJvz__t_j1KqFBrW
95,"Commits, etiquetas GIT",https://www.youtube.com/embed/WC8cVqmCyCA
96,Ramas GIT,https://www.youtube.com/embed/xEJBW5aUZkI
97,Unificar ramas GIT,https://www.youtube.com/embed/_4jZqYez-YM
98,GIT desde Visual Studio Code,https://www.youtube.com/embed/D9pSXV4BBVs
99,GIT stash,https://www.youtube.com/embed/conG-iNhcz8
100,GIT cherry pick,https://www.youtube.com/embed/MNUL5IgMam8
101,GIT gitignore,https://www.youtube.com/embed/BDT4p5DQIUo
102,GIT remoto,https://www.youtube.com/embed/nWTUhKmb2RA
103,Interfaz github,https://www.youtube.com/embed/ucx4Vkb_Utk
104,Github desktop,https://www.youtube.com/embed/18JW3jRu7EQ
105,Github pages,https://www.youtube.com/embed/VmUCmGE_up4
106,Colaboracion repositorio,https://www.youtube.com/embed/omptGMCOlgQ
107,Introduccion,https://www.youtube.com/embed/eMTM38QybGM?list=PLhr9YdZStgI3HTqGUAdMZx6MD67HwZ85X
108,Operadores y variables,https://www.youtube.com/embed/UgCfNT-4nk8?list=PLhr9YdZStgI3gfGKu3HGAJkCQHPZIzD8W
109,"Solicitar, mostrar resultados",https://www.youtube.com/embed/AfcnqBIf4u0?list=PLhr9YdZStgI3gfGKu3HGAJkCQHPZIzD8W
110,Condicional Switch,https://www.youtube.com/embed/PEA3vJMeSPo?list=PLhr9YdZStgI3gfGKu3HGAJkCQHPZIzD8W
111,Bucle For,https://www.youtube.com/embed/CR0o7_VlZF4?list=PLhr9YdZStgI3gfGKu3HGAJkCQHPZIzD8W
112,Bucle While / Do while,https://www.youtube.com/embed/F2oPPhjYn_k?list=PLhr9YdZStgI3gfGKu3HGAJkCQHPZIzD8W
113,Arrays,https://www.youtube.com/embed/-sxGArFbNU0?list=PLhr9YdZStgI3gfGKu3HGAJkCQHPZIzD8W
114,Primer proyecto,https://www.youtube.com/embed/m-fpeQf6XzQ?list=PLhr9YdZStgI3HTqGUAdMZx6MD67HwZ85X
115,Bucles,https://www.youtube.com/embed/VCJo5aPYES8?list=PLhr9YdZStgI3HTqGUAdMZx6MD67HwZ85X
116,Fuciones y metodos,https://www.youtube.com/embed/AkGa4UCEIXY?list=PLhr9YdZStgI3HTqGUAdMZx6MD67HwZ85X
117,Cronometro,https://www.youtube.com/embed/tv-awUSUU0Y?list=PLhr9YdZStgI3HTqGUAdMZx6MD67HwZ85X
118,Aforo,https://www.youtube.com/embed/MjUwDVf6B2Y?list=PLhr9YdZStgI3HTqGUAdMZx6MD67HwZ85X
119,Pomodoro,https://www.youtube.com/embed/fBk5wfU9mKQ?list=PLhr9YdZStgI3HTqGUAdMZx6MD67HwZ85X
120,Optimizacion y actualizacion app,https://www.youtube.com/embed/jcfxQPzfDV0?list=PLhr9YdZStgI3HTqGUAdMZx6MD67HwZ85X
121,Calculadora,https://www.youtube.com/embed/USjSaGDRuYA
122,Juego Pong,https://www.youtube.com/embed/bS9Lw4MtGC4?list=PLhr9YdZStgI3HTqGUAdMZx6MD67HwZ85X
123,Comenzando con Scratch,https://www.youtube.com/embed/wi_5CJPfxuA?list=PLhr9YdZStgI0nKegXoRAwb_ekrZkxcl3_
124,Bloques,https://www.youtube.com/embed/2Ogww_doccU?list=PLhr9YdZStgI0nKegXoRAwb_ekrZkxcl3_
125,Movimientos,https://www.youtube.com/embed/DwICI2hA0_c?list=PLhr9YdZStgI2SI10BKJJcGrOvOxdRrX12
126,Apariencia,https://www.youtube.com/embed/QGPwXCoAHmw?list=PLhr9YdZStgI0nKegXoRAwb_ekrZkxcl3_
127,Sonidos,https://www.youtube.com/embed/0uAri4Ko0Ws?list=PLhr9YdZStgI2SI10BKJJcGrOvOxdRrX12
128,Bloque de control,https://www.youtube.com/embed/PUq5jWiea80?list=PLhr9YdZStgI0nKegXoRAwb_ekrZkxcl3_
129,Eventos,https://www.youtube.com/embed/cGbRDHL5HH4?list=PLhr9YdZStgI0nKegXoRAwb_ekrZkxcl3_
130,Sensores,https://www.youtube.com/embed/pqltDRONFUs?list=PLhr9YdZStgI0nKegXoRAwb_ekrZkxcl3_
131,Juego clasico Pong,https://www.youtube.com/embed/95QnTi1qBco?list=PLhr9YdZStgI0nKegXoRAwb_ekrZkxcl3_
132,Operadores,https://www.youtube.com/embed/jY29Sgx-03g?list=PLhr9YdZStgI0nKegXoRAwb_ekrZkxcl3_
133,Mis bloques,https://www.youtube.com/embed/GWGf8reVavE?list=PLhr9YdZStgI0nKegXoRAwb_ekrZkxcl3_
134,Juego punto de mira,https://www.youtube.com/embed/JUVBydHwLPI?list=PLhr9YdZStgI0nKegXoRAwb_ekrZkxcl3_
135,Colision y mensajes,https://www.youtube.com/embed/xfktAVx5o30?list=PLhr9YdZStgI0nKegXoRAwb_ekrZkxcl3_
136,Juego piedra papel tijeras,https://www.youtube.com/embed/HwCyc4YcKWI?list=PLhr9YdZStgI0nKegXoRAwb_ekrZkxcl3_
137,Juego futbol webcam,https://www.youtube.com/embed/XUbieE1YM-4?list=PLhr9YdZStgI0nKegXoRAwb_ekrZkxcl3_
138,Juego globos 01,https://www.youtube.com/embed/oNLFoM0HIvU?list=PLhr9YdZStgI0nKegXoRAwb_ekrZkxcl3_
139,Juego globos 02,https://www.youtube.com/embed/xfLXzD1WmpE?list=PLhr9YdZStgI0nKegXoRAwb_ekrZkxcl3_
140,Juego adivina el numero,https://www.youtube.com/embed/dDhFXzYU0Bw?list=PLhr9YdZStgI0nKegXoRAwb_ekrZkxcl3_
141,Juego pong,https://www.youtube.com/embed/8VivmMQCiKA?list=PLhr9YdZStgI0nKegXoRAwb_ekrZkxcl3_
142,Conversor monedas,https://www.youtube.com/embed/3ry86IYKxr4?list=PLhr9YdZStgI0nKegXoRAwb_ekrZkxcl3_
143,Juego clon de frogger,https://www.youtube.com/embed/Mkcu4TTIQkY?list=PLhr9YdZStgI0nKegXoRAwb_ekrZkxcl3_
144,Juego explota pelota,https://www.youtube.com/embed/cFYO8Y52SXE?list=PLhr9YdZStgI0nKegXoRAwb_ekrZkxcl3_
145,Primeros pasos,https://www.youtube.com/embed/0fkA-FhhfyM
146,Rebote,https://www.youtube.com/embed/sHduqJMqpxA
147,Movimiento con teclado,https://www.youtube.com/embed/xYpK4K_cK4U
148,Colision objetos,https://www.youtube.com/embed/V3Ge_HnAFAQ
149,Montando mBot,https://www.youtube.com/embed/yrvE_AnUPQ0?list=PLhr9YdZStgI2SI10BKJJcGrOvOxdRrX12
150,Leds,https://www.youtube.com/embed/yfDAnrbdGM8?list=PLhr9YdZStgI2SI10BKJJcGrOvOxdRrX12
151,"Leds, intermitentes",https://www.youtube.com/embed/AxaYBsikem0?list=PLhr9YdZStgI2SI10BKJJcGrOvOxdRrX12
152,"Movimiento, con teclas",https://www.youtube.com/embed/3IejwHyMkgM?list=PLhr9YdZStgI2SI10BKJJcGrOvOxdRrX12
153,"Movimiento, autonomo",https://www.youtube.com/embed/Ofw4l1dufxk?list=PLhr9YdZStgI2SI10BKJJcGrOvOxdRrX12
154,Boton placa,https://www.youtube.com/embed/gJwajmRuQfs
155,Temporizador,https://www.youtube.com/embed/fN6ZqCXbQD8?list=PLhr9YdZStgI2SI10BKJJcGrOvOxdRrX12
156,Ejercicio leds,https://www.youtube.com/embed/CAEbFrzYj7k?list=PLhr9YdZStgI2SI10BKJJcGrOvOxdRrX12
157,Placa y variable,https://www.youtube.com/embed/_WW6igCmsQ8?list=PLhr9YdZStgI2SI10BKJJcGrOvOxdRrX12
158,Sensor ultrasonidos,https://www.youtube.com/embed/n9W9No1BIco?list=PLhr9YdZStgI2SI10BKJJcGrOvOxdRrX12
159,Detectando obstaculos,https://www.youtube.com/embed/NgTB4s_1BK0?list=PLhr9YdZStgI2SI10BKJJcGrOvOxdRrX12
160,mBot nos sigue,https://www.youtube.com/embed/Gq4iHZ2OzPQ?list=PLhr9YdZStgI2SI10BKJJcGrOvOxdRrX12
161,Sigue lineas,https://www.youtube.com/embed/zTmzvC6F2pI?list=PLhr9YdZStgI2SI10BKJJcGrOvOxdRrX12
162,Barrera luz,https://www.youtube.com/embed/AP1DZ1SvoSo?list=PLhr9YdZStgI2SI10BKJJcGrOvOxdRrX12
163,Mando infrarojos,https://www.youtube.com/embed/JaU4DNvNVbE?list=PLhr9YdZStgI2SI10BKJJcGrOvOxdRrX12
164,Guardando datos sensor,https://www.youtube.com/embed/wt34hqQUj-A?list=PLhr9YdZStgI2SI10BKJJcGrOvOxdRrX12
165,Ejercicio adivina numero,https://www.youtube.com/embed/CPQj0fCVt-E?list=PLhr9YdZStgI2SI10BKJJcGrOvOxdRrX12
166,Detecta suelo,https://www.youtube.com/embed/R7B2e7SGRa0?list=PLhr9YdZStgI2SI10BKJJcGrOvOxdRrX12
167,Modificaciones a adivina numero,https://www.youtube.com/embed/IEZa9t3NsD0?list=PLhr9YdZStgI2SI10BKJJcGrOvOxdRrX12
168,Sensor iluminacion,https://www.youtube.com/embed/R-oGBQYa9FE?list=PLhr9YdZStgI2SI10BKJJcGrOvOxdRrX12
169,Comenzando con Dart,https://www.youtube.com/embed/7hAfzPpRvMo?list=PLhr9YdZStgI1TOxvw7KEF4OzduyGr6FBD
170,Tipos datos basicos,https://www.youtube.com/embed/V99rOejDCak?list=PLhr9YdZStgI1TOxvw7KEF4OzduyGr6FBD
171,Bucles y condiciones,https://www.youtube.com/embed/YJ0idWXWAeo?list=PLhr9YdZStgI1TOxvw7KEF4OzduyGr6FBD
172,Clases,https://www.youtube.com/embed/dHCFz7GIuAg?list=PLhr9YdZStgI1TOxvw7KEF4OzduyGr6FBD
173,Clases abstractas,https://www.youtube.com/embed/8WgN657eGzs?list=PLhr9YdZStgI1TOxvw7KEF4OzduyGr6FBD
174,Imports,https://www.youtube.com/embed/dP6QjCYA1EQ?list=PLhr9YdZStgI1TOxvw7KEF4OzduyGr6FBD
175,Introduccion Contabilidad,https://www.youtube.com/embed/LH-IWf1n3yo?list=PLhr9YdZStgI3gWNzYz2vJXhsfCP51IKZy
176,Hechos contables,https://www.youtube.com/embed/I6PljIZWm5A?list=PLhr9YdZStgI3gWNzYz2vJXhsfCP51IKZy
177,Leyes de cuentas,https://www.youtube.com/embed/gVob6gnspBE?list=PLhr9YdZStgI3gWNzYz2vJXhsfCP51IKZy
178,Gastos e ingresos,https://www.youtube.com/embed/GGFERJVZgGI?list=PLhr9YdZStgI3gWNzYz2vJXhsfCP51IKZy
179,Instalacion de contasol,https://www.youtube.com/embed/RcD9ECsNvTg?list=PLhr9YdZStgI3gWNzYz2vJXhsfCP51IKZy
180,Ejemplo con contasol,https://www.youtube.com/embed/ubYAdwPetqc?list=PLhr9YdZStgI3gWNzYz2vJXhsfCP51IKZy
181,Arqueo de caja,https://www.youtube.com/embed/A2YLpGnGLlU?list=PLhr9YdZStgI1hhFkHBcmMi0IRYOVeQEfK
182,BuscarV - BuscarH,https://www.youtube.com/embed/98E8ZYQclWI?list=PLhr9YdZStgI1hhFkHBcmMi0IRYOVeQEfK
183,Cuadro amortizacion,https://www.youtube.com/embed/TPeBYciy-bo?list=PLhr9YdZStgI1hhFkHBcmMi0IRYOVeQEfK
184,Macros,https://www.youtube.com/embed/lAsQssowhBU?list=PLhr9YdZStgI1hhFkHBcmMi0IRYOVeQEfK
185,Existencias,https://www.youtube.com/embed/CuGRYbfrHvU?list=PLhr9YdZStgI3gWNzYz2vJXhsfCP51IKZy
186,Plan General de contabilidad,https://www.youtube.com/embed/jUpJJziw-K8?list=PLhr9YdZStgI3gWNzYz2vJXhsfCP51IKZy
187,Etapas del proceso contable,https://www.youtube.com/embed/XaTqd07nVU8?list=PLhr9YdZStgI3gWNzYz2vJXhsfCP51IKZy
188,"Supuesto practico, balance",https://www.youtube.com/embed/iIMyIUjO7AE?list=PLhr9YdZStgI3gWNzYz2vJXhsfCP51IKZy
189,Tesoreria,https://www.youtube.com/embed/4REoZtGoWB4?list=PLhr9YdZStgI3gWNzYz2vJXhsfCP51IKZy
190,Supuesto practico,https://www.youtube.com/embed/pECnJ15G5dE?list=PLhr9YdZStgI3gWNzYz2vJXhsfCP51IKZy
191,IVA,https://www.youtube.com/embed/MQKx2jGLWr4?list=PLhr9YdZStgI3gWNzYz2vJXhsfCP51IKZy
192,Acreedores / Deudores,https://www.youtube.com/embed/M4K1Df7RllA?list=PLhr9YdZStgI3gWNzYz2vJXhsfCP51IKZy
193,Supuesto 03. Carreras,https://www.youtube.com/embed/HieedBSdloM?list=PLhr9YdZStgI3gWNzYz2vJXhsfCP51IKZy
194,Efectos comerciales,https://www.youtube.com/embed/A-Bvphprxa4?list=PLhr9YdZStgI3gWNzYz2vJXhsfCP51IKZy
195,"Supuesto 04, ContaSA",https://www.youtube.com/embed/aoE2w03KZls?list=PLhr9YdZStgI3gWNzYz2vJXhsfCP51IKZy
196,Activo inmovilizado,https://www.youtube.com/embed/1gqxJcIs-so?list=PLhr9YdZStgI3gWNzYz2vJXhsfCP51IKZy
197,"Supuesto 05, MaSA",https://www.youtube.com/embed/Z48WDwfNIZ8?list=PLhr9YdZStgI3gWNzYz2vJXhsfCP51IKZy
198,"Supuesto 06, ConstanSA",https://www.youtube.com/embed/I2RO2VhjwTE?list=PLhr9YdZStgI3gWNzYz2vJXhsfCP51IKZy
199,Inversiones financieras,https://www.youtube.com/embed/vM4YBC6MsZ4?list=PLhr9YdZStgI3gWNzYz2vJXhsfCP51IKZy
200,"Supuesto 07, LimpieSA",https://www.youtube.com/embed/E5V8cyTvp4U?list=PLhr9YdZStgI3gWNzYz2vJXhsfCP51IKZy
201,Fuentes de financiacion,https://www.youtube.com/embed/dyaxk-PWncs?list=PLhr9YdZStgI3gWNzYz2vJXhsfCP51IKZy
202,Supuesto 08. Amortizacion,https://www.youtube.com/embed/T4wlQuVmXYQ?list=PLhr9YdZStgI3gWNzYz2vJXhsfCP51IKZy
203,Supuesto 09. Cierre y apertura,https://www.youtube.com/embed/-NpZh1062tg?list=PLhr9YdZStgI3gWNzYz2vJXhsfCP51IKZy
204,Supuesto 10. Cobros y pagos,https://www.youtube.com/embed/uzAsAo4XVoM?list=PLhr9YdZStgI3gWNzYz2vJXhsfCP51IKZy
205,Supuesto 11. Conciliacion bancaria,https://www.youtube.com/embed/GjSVKK3MCrE?list=PLhr9YdZStgI3gWNzYz2vJXhsfCP51IKZy
206,Supuesto 12. IVA,https://www.youtube.com/embed/YMenenA3TJM?list=PLhr9YdZStgI3gWNzYz2vJXhsfCP51IKZy
207,Supuesto 13. IVA continuacion,https://www.youtube.com/embed/QeAfVIuh4X4?list=PLhr9YdZStgI3gWNzYz2vJXhsfCP51IKZy
208,Supuesto 14. Nominas,https://www.youtube.com/embed/tWpiYodpe5U?list=PLhr9YdZStgI3gWNzYz2vJXhsfCP51IKZy
209,Supuesto 15. Proveedores,https://www.youtube.com/embed/wCO0_xC_wEg?list=PLhr9YdZStgI3gWNzYz2vJXhsfCP51IKZy
210,Supuesto 16. Clientes,https://www.youtube.com/embed/t4mGgHPCFlg?list=PLhr9YdZStgI3gWNzYz2vJXhsfCP51IKZy
211,Copia y restaura datos,https://www.youtube.com/embed/JjXH0R1pvQo?list=PLhr9YdZStgI3gWNzYz2vJXhsfCP51IKZy
212,Supuesto 17. Efectos comerciales,https://www.youtube.com/embed/_czZuIhUPgU?list=PLhr9YdZStgI3gWNzYz2vJXhsfCP51IKZy
213,Supuesto 18. Retenciones,https://www.youtube.com/embed/4J_ODV-I3Uc?list=PLhr9YdZStgI3gWNzYz2vJXhsfCP51IKZy
214,Supuesto 19. Constitucion de sociedad,https://www.youtube.com/embed/TR_kPYPp3BE?list=PLhr9YdZStgI3gWNzYz2vJXhsfCP51IKZy
215,"Supuesto 20. Nominas, seguros sociales, irpf",https://www.youtube.com/embed/ANW_4xKTpBY?list=PLhr9YdZStgI3gWNzYz2vJXhsfCP51IKZy
216,Supuesto 21. IVA Repercutido,https://www.youtube.com/embed/osHrZv9SA-o
217,Supuesto 22. IVA Soportado,https://www.youtube.com/embed/-qUnS0ke2XE
218,Supuesto 23. IVA por trimestres,https://www.youtube.com/embed/_ccBvPao1nw
219,Supuesto 24. Diferencias de cambio,https://www.youtube.com/embed/Mia47vSdSNs
220,Supuesto 25. Gastos,https://www.youtube.com/embed/g1mf6Cem0Vc
221,Supuesto 26. Contabilizar nomina,https://www.youtube.com/embed/cn6Mouu3fAo
222,Supuesto 27. Contabilizar inmovilizado,https://www.youtube.com/embed/xcb8BYYXPZI
223,Supuesto 28. Contabilizar amortizacion inmovilizado,https://www.youtube.com/embed/qDBEPky13sg
224,Introduccion a Excel,https://www.youtube.com/embed/DF7-B9lH8f8?list=PLhr9YdZStgI1hhFkHBcmMi0IRYOVeQEfK
225,Funciones basicas,https://www.youtube.com/embed/Z08cbegWYmY?list=PLhr9YdZStgI1hhFkHBcmMi0IRYOVeQEfK
226,Graficas basicas,https://www.youtube.com/embed/FRVyvZJ0s0c?list=PLhr9YdZStgI1hhFkHBcmMi0IRYOVeQEfK
227,Funciones basicas 02,https://www.youtube.com/embed/cheVU3UPWh8?list=PLhr9YdZStgI1hhFkHBcmMi0IRYOVeQEfK
228,Formato condicional,https://www.youtube.com/embed/eDSwjcUJpmc?list=PLhr9YdZStgI1hhFkHBcmMi0IRYOVeQEfK
229,Operaciones con textos,https://www.youtube.com/embed/d67P0KoaA-A?list=PLhr9YdZStgI1hhFkHBcmMi0IRYOVeQEfK
230,Agenda,https://www.youtube.com/embed/-769BROfq8g?list=PLhr9YdZStgI1hhFkHBcmMi0IRYOVeQEfK
231,Solver,https://www.youtube.com/embed/ytEJnFH8tEM?list=PLhr9YdZStgI1hhFkHBcmMi0IRYOVeQEfK
232,Analisis de hipotesis,https://www.youtube.com/embed/t4vu6HPWuUw?list=PLhr9YdZStgI1hhFkHBcmMi0IRYOVeQEfK
233,Conciliacion bancaria,https://www.youtube.com/embed/kfJ-Wp6CcfA?list=PLhr9YdZStgI1hhFkHBcmMi0IRYOVeQEfK
234,Tablas dinamicas,https://www.youtube.com/embed/GHH_QrLtjuo?list=PLhr9YdZStgI1hhFkHBcmMi0IRYOVeQEfK
235,Graficas dinamicas,https://www.youtube.com/embed/LuMeZQOouPY?list=PLhr9YdZStgI1hhFkHBcmMi0IRYOVeQEfK
236,Facturacion,https://www.youtube.com/embed/_H423fMBrT4?list=PLhr9YdZStgI1hhFkHBcmMi0IRYOVeQEfK
237,Registro horario,https://www.youtube.com/embed/9Hc74mcdwDs?list=PLhr9YdZStgI1hhFkHBcmMi0IRYOVeQEfK
238,Nominas,https://www.youtube.com/embed/9_9N7g22fcg?list=PLhr9YdZStgI1hhFkHBcmMi0IRYOVeQEfK
239,Etiqueta envios,https://www.youtube.com/embed/XkMFu2ljaHc
